id,earlength,dnaseq
17A,5.1,CCGCATCTTGACTTAACTGACATATTACCATAGATGACTAGCCATGCCACTAGCTCTTAGATAACCCGATACAGTGATTATGAAAGGTTTGTGGGGTATA
24P,7.5,GCTATGACTTGCTTAGCTACGTATGAAGGAAGAAACTTTTGTGTATTTATATGTTCACCCGTCTATTACCCATGCCCGAAGATTATGTAGGTTGTGAGAT
09Q,12.2,CCGCCGATTGATACAGGGGACGGTGACGTCGTCATAGATTCGGCACGTTACCCTTGTAGGTGTGGAGCCACTTAGCTACGCGCCGAAGTCCCATGGCAAA
65Y,9.9,GCAGGAGAAGTTCTTAACCTTCTCGTAGGACGTCAACCTATTCTTTAATAGAGCATTTCATTCGAGCATGACAGTAAGTACGCTTTCTCAATTGTGCTAA
19N,10.0,TCTTCATCCTTATCAAAGTTTGGAGTCAATGATCAGGATTATTGCCTTGCAATAAATTTCTTATTCACAGTCGCTCATATTGAGCTACTCGATGGGTTAT
92K,14.6,ACCGATGGACAATGATTCGGGTAGCACCAGGAGTCCGTAGCGCGTGCATCCCGGCGTGGCGCGCGTACAGCTTAACCACCGCTTCATGCTAGGGTGCTGG
33W,8.2,CAGCTTGACTCGGTCTGTTAGGCCACGATTACGTGAGTTAGGGCTCTGAACTGCGCTGTATAGTCGAATCTGATTCGGCCCTCACAACTGCAAACCCCAA
98C,17.8,CTGCATGCTAGGTTGACACGCCTGCACTGCTCGAAGAAAATATGCGAAGCGGGCGGCCTGGCCGGAGCGCTACCCCGCCGGCGCGTGCTCGAATACTGTT
75G,9.4,CTTATTTAGATAACATGATTAGCCGAAGTTGTACGGGATATCCACCGTAAAGTCCTCCCCGGGTGTCCCTCCTTCATTTGATGATAAGCAGCCGCTACCA
88Q,11.3,GATTGCTCGCACATGAGCAAAACGGTAGAGCGTCACTTTCAGCCCTCTTATCCCCGGCGATGTGTGTGAAATGGCGTTGATCCGGATTGACTCTATGACG
